2000-01-01,496.05,510.38,485.07,486.07,486.07,1861,33150.8       
2000-01-02,435.55,448.76,425.75,428.9,428.9,1164,34242.4             
2000-01-03,479.1,513.84,457.26,478.73,478.73,4731,49107.95
2000-01-04,199.75,201.26,162.99,182.03,182.03,1398,21459.64
2000-01-05,222.23,236.86,221.52,228.57,228.57,3807,43040.2
2000-01-06,232.98,267.95,224.5,224.89,224.89,2990,17200.73
2000-01-07,499.85,512.85,475.4,498.04,498.04,1285,13956.03
2000-01-08,123.98,158.11,95.78,146.61,146.61,1727,46514.86
2000-01-09,205.59,240.0,174.27,195.08,195.08,3084,18585.24
2000-01-10,447.6,462.72,436.57,458.06,458.06,3133,16531.82
2000-01-11,465.75,468.62,446.23,460.39,460.39,3213,30326.75          
2000-01-12,143.15,176.6,122.6,172.76,172.76,4388,18632.72            
2000-01-13,449.43,468.93,449.15,453.58,453.58,4592,42694.8
2000-01-14,408.04,432.11,376.53,393.97,393.97,4798,35539.55
2000-01-15,483.46,509.74,450.23,495.14,495.14,4345,37158.53
2000-01-16,417.83,441.57,385.09,411.27,411.27,2524,46067.12
2000-01-17,403.4,447.31,389.24,422.49,422.49,2273,29758.78
2000-01-18,230.43,266.88,199.72,261.68,261.68,3754,30440.85
2000-01-19,274.65,298.48,258.56,298.25,298.25,2683,23047.69
2000-01-20,136.67,175.32,113.25,115.95,115.95,3588,47553.07
2000-01-21,257.77,260.81,241.19,257.01,257.01,1346,46865.4
2000-01-22,301.88,309.74,259.9,306.18,306.18,1156,40857.18
2000-01-23,288.69,302.03,286.55,294.47,294.47,4171,12692.23
2000-01-24,269.73,289.25,265.19,288.22,288.22,2614,19234.83
2000-01-25,342.02,358.64,301.02,322.47,322.47,2761,25814.16
2000-01-26,221.93,225.28,210.67,213.7,213.7,3876,19597.66
2000-01-27,417.17,424.9,373.1,421.82,421.82,2815,40819.62
2000-01-28,436.72,452.76,390.84,434.49,434.49,4699,19187.95
2000-01-29,498.2,521.28,467.82,503.47,503.47,3596,47984.2
2000-01-30,198.35,199.35,164.84,177.46,177.46,4648,46790.38
2000-01-31,359.19,394.68,341.38,353.19,353.19,4953,20484.41
2000-02-01,326.49,352.79,283.52,291.54,291.54,3090,30903.25
2000-02-02,104.12,143.35,66.58,67.62,67.62,2390,10219.55
2000-02-03,472.93,491.7,438.64,466.0,466.0,2105,36604.59
2000-02-04,121.44,124.83,101.68,105.1,105.1,1780,30932.43
2000-02-05,162.86,198.05,154.52,169.62,169.62,4671,46513.97
2000-02-06,208.95,218.78,167.0,209.41,209.41,2925,16043.62
2000-02-07,368.64,384.18,337.07,367.54,367.54,3294,38761.6
2000-02-08,84.82,119.67,69.33,111.51,111.51,1087,30257.58
2000-02-09,391.17,399.68,375.73,388.46,388.46,1971,23539.51
2000-02-10,327.64,352.63,295.82,347.19,347.19,2971,23427.11
2000-02-11,116.84,135.45,114.11,126.25,126.25,2087,28836.27
2000-02-12,299.13,348.44,279.09,287.93,287.93,4254,23334.18
2000-02-13,325.61,361.28,313.4,332.27,332.27,3094,41961.46
2000-02-14,318.15,326.06,276.48,319.53,319.53,2434,11388.39
2000-02-15,350.37,386.96,341.79,353.77,353.77,4551,13079.53
2000-02-16,299.19,332.7,265.69,294.18,294.18,2376,29806.27
2000-02-17,337.76,368.9,322.17,335.03,335.03,4717,19865.09
2000-02-18,390.28,439.42,354.61,372.02,372.02,3304,28222.89
2000-02-19,385.93,402.32,343.95,376.64,376.64,3360,32696.12
2000-02-20,119.54,126.48,108.56,120.8,120.8,3371,33081.22
2000-02-21,425.22,450.23,386.76,430.65,430.65,2965,12220.45
2000-02-22,214.37,223.76,203.51,212.66,212.66,3927,44899.46
2000-02-23,267.74,296.22,234.69,249.08,249.08,4857,47125.87
2000-02-24,167.43,204.73,166.19,189.51,189.51,1228,21284.65
2000-02-25,200.01,214.58,168.12,208.51,208.51,2159,24280.56
2000-02-26,148.0,190.45,109.46,111.91,111.91,3921,16373.37
2000-02-27,66.53,73.9,54.75,69.15,69.15,3622,11231.86
2000-02-28,423.8,448.17,415.38,435.77,435.77,3326,47430.83
2000-02-29,280.74,322.91,269.97,297.02,297.02,4570,22908.85
2000-03-01,253.57,285.38,236.95,259.96,259.96,4092,18686.75
2000-03-02,495.62,541.99,477.13,519.37,519.37,2058,47522.58
2000-03-03,165.26,201.12,146.46,166.33,166.33,1487,35016.9
2000-03-04,57.46,99.35,47.18,73.64,73.64,4177,16425.61
2000-03-05,418.52,420.64,416.42,419.92,419.92,3915,37180.91
2000-03-06,138.52,143.81,133.5,136.66,136.66,4655,32093.41
2000-03-07,359.38,378.76,350.52,358.28,358.28,1028,30487.98
2000-03-08,129.99,158.33,100.21,103.99,103.99,1585,39576.07
2000-03-09,190.15,238.39,165.99,229.84,229.84,4600,39862.22
2000-03-10,284.76,312.76,272.97,298.26,298.26,2464,47456.27
2000-03-11,446.59,487.77,413.04,441.08,441.08,2893,35298.48
2000-03-12,243.05,264.45,196.63,242.82,242.82,1921,39714.53
2000-03-13,155.46,188.58,139.1,150.17,150.17,2403,33314.85
2000-03-14,138.76,152.19,109.37,111.15,111.15,1094,48596.95
2000-03-15,408.51,425.08,405.5,415.08,415.08,4453,41175.24
2000-03-16,481.79,500.76,446.07,459.34,459.34,3985,20120.2
2000-03-17,225.33,231.1,192.7,203.33,203.33,4848,45842.75
2000-03-18,273.65,317.02,242.35,306.24,306.24,4376,40087.08
2000-03-19,212.71,217.21,175.82,185.66,185.66,1509,28309.82
2000-03-20,227.49,269.44,223.8,239.19,239.19,1771,16535.8
2000-03-21,468.3,515.5,427.98,437.66,437.66,3849,29975.72
2000-03-22,303.7,353.28,297.01,342.8,342.8,4331,22167.07
2000-03-23,274.04,284.14,241.2,244.33,244.33,3465,44484.47
2000-03-24,216.5,236.75,173.63,208.47,208.47,1584,26420.74
2000-03-25,334.47,345.06,325.36,327.49,327.49,4643,16680.48
2000-03-26,496.43,522.69,485.89,507.99,507.99,4371,36599.8
2000-03-27,190.97,194.33,153.59,169.08,169.08,2328,42195.77
2000-03-28,497.32,542.72,459.79,542.46,542.46,3206,26047.15
2000-03-29,67.18,70.12,30.5,32.81,32.81,3318,36868.63
2000-03-30,413.74,429.61,399.68,427.49,427.49,2967,12743.19
2000-03-31,365.23,389.01,328.4,348.95,348.95,4781,40550.02
2000-04-01,407.9,417.64,384.68,385.56,385.56,4550,17161.62
2000-04-02,55.72,76.31,15.95,40.55,40.55,1784,20606.95
2000-04-03,451.86,484.58,413.34,424.59,424.59,2146,30923.44
2000-04-04,273.95,279.84,248.27,265.39,265.39,4798,10025.62
2000-04-05,430.38,452.78,414.61,425.19,425.19,2015,21831.48
2000-04-06,445.09,480.45,431.21,471.2,471.2,4190,41165.65
2000-04-07,356.23,372.32,324.14,364.53,364.53,1482,21087.42
2000-04-08,199.36,229.41,189.84,219.87,219.87,4429,31718.18
2000-04-09,104.5,148.31,102.62,133.27,133.27,1671,41240.86
2000-04-10,327.16,350.36,302.52,319.2,319.2,3319,43513.46
2000-04-11,431.22,433.26,397.72,409.29,409.29,2277,36122.14
2000-04-12,380.77,412.65,342.17,379.73,379.73,2000,11079.9
2000-04-13,292.58,339.79,278.9,319.51,319.51,2525,34655.68
2000-04-14,193.19,228.15,161.4,172.76,172.76,1477,31340.6
2000-04-15,85.84,126.31,70.01,113.85,113.85,3643,15832.86
2000-04-16,452.01,483.64,429.94,479.08,479.08,3624,27817.75
2000-04-17,433.36,446.7,410.94,445.54,445.54,1816,11468.19
2000-04-18,132.27,151.59,121.1,141.05,141.05,4908,46020.49
2000-04-19,366.57,414.02,338.76,345.31,345.31,2830,21536.53
2000-04-20,52.81,53.68,17.48,39.05,39.05,2187,26070.15
2000-04-21,357.19,373.7,346.53,367.86,367.86,1249,19669.13
2000-04-22,449.51,463.3,408.46,412.87,412.87,3310,29242.64
2000-04-23,234.8,239.31,192.86,223.59,223.59,2077,36509.68
2000-04-24,79.1,100.88,37.34,87.17,87.17,2767,34053.76
2000-04-25,300.7,349.41,299.58,332.89,332.89,3270,32791.79
2000-04-26,134.67,135.0,106.58,113.6,113.6,3391,29949.49
2000-04-27,265.91,284.53,246.97,264.07,264.07,4346,34128.07
2000-04-28,97.02,140.79,87.34,138.3,138.3,3118,22210.53
2000-04-29,422.82,435.03,395.44,428.34,428.34,4435,30549.67
2000-04-30,366.26,415.64,316.34,324.25,324.25,3206,45061.04
2000-05-01,457.69,471.73,408.97,461.22,461.22,2453,43453.15
2000-05-02,291.95,315.16,263.11,278.39,278.39,1168,26379.95
2000-05-03,456.4,485.12,429.39,470.04,470.04,1548,36105.47
2000-05-04,270.29,300.87,239.75,269.55,269.55,1869,33251.04
2000-05-05,202.93,220.45,178.72,184.93,184.93,2534,38698.04
2000-05-06,53.15,64.56,11.46,32.93,32.93,4736,48737.6
2000-05-07,495.57,542.7,488.81,510.07,510.07,4871,12170.93
2000-05-08,368.18,403.65,335.53,394.12,394.12,4043,40538.71
2000-05-09,278.21,284.43,263.11,274.03,274.03,1746,47892.58
2000-05-10,282.07,327.62,273.94,311.31,311.31,2119,17597.13
2000-05-11,202.49,221.05,190.93,215.83,215.83,3558,46530.92
2000-05-12,289.57,328.41,245.44,315.48,315.48,2409,27786.2
2000-05-13,429.49,453.26,420.11,431.64,431.64,1332,39079.18
2000-05-14,304.48,329.5,299.31,318.18,318.18,3019,11155.97
2000-05-15,414.64,415.54,375.58,381.82,381.82,1108,45507.14
2000-05-16,305.65,353.12,296.86,334.78,334.78,3983,44501.15
2000-05-17,133.6,147.36,111.8,119.72,119.72,1369,18378.43
2000-05-18,421.15,463.49,417.58,455.59,455.59,4520,19368.38
2000-05-19,170.2,200.52,144.37,193.0,193.0,3911,48327.73
2000-05-20,432.54,471.61,413.68,421.88,421.88,1397,32560.83
2000-05-21,400.03,410.14,350.63,368.36,368.36,2189,12959.13
2000-05-22,414.87,459.97,414.27,455.52,455.52,2698,32652.37
2000-05-23,242.06,289.01,234.51,280.22,280.22,4300,33087.54
2000-05-24,412.67,447.92,401.39,415.0,415.0,2524,18286.12
2000-05-25,481.62,514.38,464.32,474.68,474.68,3448,24330.92
2000-05-26,436.42,459.7,409.09,457.37,457.37,1669,22014.21
2000-05-27,150.56,192.1,138.94,155.0,155.0,4927,22745.05
2000-05-28,406.52,425.35,379.36,380.12,380.12,4430,49790.06
2000-05-29,197.24,208.1,155.64,197.92,197.92,2892,49493.47
2000-05-30,380.2,421.05,345.14,356.98,356.98,1762,31304.65
2000-05-31,155.47,199.77,127.7,153.39,153.39,2234,39390.14
2000-06-01,108.05,136.63,59.18,62.52,62.52,1796,35186.24
2000-06-02,419.84,460.82,410.96,425.65,425.65,1203,43970.98
2000-06-03,365.71,376.29,329.8,329.81,329.81,4086,49924.03
2000-06-04,137.11,186.87,134.57,138.86,138.86,4871,38282.09
2000-06-05,327.13,329.44,325.05,325.99,325.99,3070,12076.42
2000-06-06,447.78,480.58,399.72,466.34,466.34,3600,23514.65
2000-06-07,200.2,235.31,200.19,233.39,233.39,2548,36732.07
2000-06-08,119.57,131.18,96.1,128.41,128.41,3310,47399.77
2000-06-09,396.45,429.68,366.89,367.41,367.41,1820,41770.1
2000-06-10,315.69,350.55,309.99,325.94,325.94,2906,45251.41
2000-06-11,439.73,486.6,430.62,471.86,471.86,4410,34271.54
2000-06-12,79.06,101.32,35.92,55.83,55.83,2468,45579.63
2000-06-13,455.63,472.53,412.8,424.35,424.35,1715,17268.57
2000-06-14,253.94,254.15,237.71,243.82,243.82,1089,33614.5
2000-06-15,274.48,323.58,232.52,309.15,309.15,4495,23536.28
2000-06-16,109.04,121.4,97.41,118.56,118.56,2387,24735.67
2000-06-17,469.9,470.46,452.58,464.93,464.93,4075,48118.91
2000-06-18,131.37,137.68,85.77,111.2,111.2,3789,16170.92
2000-06-19,410.19,429.01,393.54,403.3,403.3,3470,15614.51
2000-06-20,319.77,341.22,312.54,328.78,328.78,4718,12651.17
2000-06-21,191.53,199.4,180.69,190.86,190.86,3438,44843.77
2000-06-22,392.19,428.73,344.92,425.82,425.82,4699,46056.94
2000-06-23,311.72,346.44,289.43,306.6,306.6,3900,32625.97
2000-06-24,189.9,238.07,167.31,180.96,180.96,4526,21375.77
2000-06-25,394.56,436.85,356.75,359.51,359.51,1917,33987.3
2000-06-26,150.27,150.7,131.28,146.91,146.91,1376,26834.87
2000-06-27,391.99,422.81,370.71,377.43,377.43,3752,38938.62
2000-06-28,81.02,128.13,53.68,125.43,125.43,1034,28416.61
2000-06-29,205.8,214.14,195.12,207.58,207.58,2508,15415.63
2000-06-30,184.48,195.01,175.04,192.54,192.54,4011,49940.1
2000-07-01,217.62,248.39,191.3,247.44,247.44,3273,30036.9
2000-07-02,442.51,454.17,415.74,444.85,444.85,4525,14813.78
2000-07-03,238.27,276.63,193.82,212.67,212.67,2438,21230.18
2000-07-04,281.49,291.26,263.84,282.25,282.25,3781,31470.0
2000-07-05,452.19,492.06,451.09,487.84,487.84,3420,45734.97
2000-07-06,317.94,361.46,275.99,344.03,344.03,3940,42094.52
2000-07-07,157.33,181.73,147.23,165.05,165.05,2061,40541.27
2000-07-08,281.95,323.23,242.64,270.55,270.55,4239,40538.8
2000-07-09,329.4,374.22,281.73,335.7,335.7,2443,20886.08
2000-07-10,387.36,422.61,357.85,358.36,358.36,1799,42938.25
2000-07-11,79.52,128.53,63.34,66.17,66.17,3478,48478.73
2000-07-12,51.54,57.33,22.73,51.27,51.27,1501,13015.6
2000-07-13,474.61,522.29,431.55,501.86,501.86,4130,35385.06
2000-07-14,370.9,378.17,361.96,364.33,364.33,1320,10439.8
2000-07-15,301.47,343.06,297.6,308.88,308.88,4744,47901.85
2000-07-16,183.23,188.45,165.51,185.84,185.84,4773,27229.63
2000-07-17,139.36,175.72,125.55,161.94,161.94,2743,23066.62
2000-07-18,480.68,489.38,438.12,458.33,458.33,3129,12859.83
2000-07-19,204.79,253.13,156.08,175.16,175.16,1344,12574.55
2000-07-20,417.75,435.44,415.87,424.91,424.91,2904,29294.77
2000-07-21,213.62,261.95,177.42,221.59,221.59,2883,19618.96
2000-07-22,499.16,515.53,458.35,498.97,498.97,3055,38690.22
2000-07-23,258.77,304.28,229.96,283.58,283.58,1888,12077.55
2000-07-24,116.01,122.03,112.38,120.85,120.85,3862,22472.47
2000-07-25,343.54,353.3,327.21,335.64,335.64,1672,24682.81
2000-07-26,377.69,380.75,363.14,369.76,369.76,3461,44051.94
2000-07-27,279.9,326.92,261.77,295.91,295.91,2693,45507.74
2000-07-28,65.01,98.76,15.38,66.03,66.03,3318,49409.15
2000-07-29,348.19,393.37,305.41,354.14,354.14,4068,45246.09
2000-07-30,343.16,366.31,302.51,328.83,328.83,4689,44014.94
2000-07-31,439.42,476.08,411.21,431.98,431.98,4210,39203.82
2000-08-01,160.21,169.28,131.49,141.29,141.29,4631,30682.42
2000-08-02,450.65,459.66,421.17,442.84,442.84,4096,32964.56
2000-08-03,168.15,217.21,133.88,179.8,179.8,1920,22630.5
2000-08-04,380.34,411.35,336.38,349.69,349.69,4186,19703.4
2000-08-05,326.28,368.87,282.37,284.92,284.92,2122,15843.11
2000-08-06,204.2,252.22,194.99,237.17,237.17,1303,43685.03
2000-08-07,210.78,241.12,177.5,194.53,194.53,4185,33274.93
2000-08-08,447.75,470.11,403.79,446.84,446.84,1860,29792.79
2000-08-09,440.25,443.88,418.41,426.57,426.57,3851,40247.86
2000-08-10,454.74,455.04,453.75,454.51,454.51,1239,12519.27
2000-08-11,201.27,236.04,193.55,225.28,225.28,1012,46866.68
2000-08-12,337.27,348.9,291.22,319.36,319.36,3218,14432.41
2000-08-13,89.9,118.66,61.71,104.02,104.02,2864,47626.43
2000-08-14,345.88,364.55,300.78,339.42,339.42,3070,14787.99
2000-08-15,411.32,456.55,401.22,448.6,448.6,3459,12238.69
2000-08-16,300.05,313.02,291.81,310.2,310.2,4786,43976.28
2000-08-17,432.49,434.73,414.67,419.35,419.35,4316,38681.86
2000-08-18,409.91,433.09,404.53,409.51,409.51,3438,39457.86
2000-08-19,488.16,525.87,464.6,515.78,515.78,3592,21758.64
2000-08-20,308.74,339.44,283.12,290.7,290.7,2632,11164.73
2000-08-21,76.47,117.77,46.51,73.68,73.68,3072,21988.06
2000-08-22,51.44,59.6,6.77,54.62,54.62,3555,45790.57
2000-08-23,288.67,323.92,278.71,288.19,288.19,1787,37791.6
2000-08-24,134.27,135.26,128.06,134.5,134.5,3009,48890.95
2000-08-25,256.08,277.51,229.61,239.56,239.56,3647,45125.97
2000-08-26,421.63,427.75,408.42,415.29,415.29,4658,24669.49
2000-08-27,288.96,307.7,278.41,283.84,283.84,4361,15619.0
2000-08-28,311.09,315.97,298.92,313.99,313.99,1695,22481.97
2000-08-29,245.58,256.49,240.49,254.34,254.34,2685,34124.01
2000-08-30,181.41,202.4,169.23,170.19,170.19,4956,34362.35
2000-08-31,478.5,522.08,429.61,472.02,472.02,3296,22606.4
2000-09-01,296.3,309.89,290.96,292.91,292.91,3267,45811.91
2000-09-02,180.21,203.12,158.64,197.12,197.12,3130,17401.8
2000-09-03,244.29,281.34,230.79,256.58,256.58,4717,18454.43
2000-09-04,233.46,279.48,184.28,237.06,237.06,3538,42446.11
2000-09-05,334.53,357.91,326.38,353.95,353.95,2587,48869.11
2000-09-06,190.35,206.3,168.69,187.23,187.23,1786,28242.61
2000-09-07,417.19,452.47,382.22,415.42,415.42,1676,19808.66
2000-09-08,132.77,181.95,84.0,122.72,122.72,1588,26133.77
2000-09-09,55.81,56.05,13.47,45.27,45.27,3455,24129.58
2000-09-10,137.21,178.16,91.84,154.23,154.23,3238,26982.82
2000-09-11,219.78,251.54,187.36,212.5,212.5,4704,28683.76
2000-09-12,387.37,389.53,385.6,387.98,387.98,2911,23442.49
2000-09-13,461.19,487.38,421.92,476.66,476.66,1324,31295.33
2000-09-14,73.12,111.6,69.99,97.25,97.25,4469,41946.64
2000-09-15,459.23,469.57,448.38,465.28,465.28,4348,11446.91
2000-09-16,136.86,185.78,113.87,138.06,138.06,2656,24254.9
2000-09-17,274.24,313.39,257.97,266.22,266.22,1928,23885.5
2000-09-18,451.56,460.06,439.76,457.69,457.69,4855,45704.58
2000-09-19,71.23,115.06,22.3,100.64,100.64,2067,16540.37
2000-09-20,236.06,259.47,194.36,239.17,239.17,2692,37323.29
2000-09-21,386.83,411.38,350.02,403.07,403.07,2117,28082.05
2000-09-22,394.78,421.86,377.15,385.06,385.06,3889,31706.85
2000-09-23,206.63,231.42,201.99,222.28,222.28,2164,38381.61
2000-09-24,161.17,188.28,144.83,183.49,183.49,1730,20368.92
2000-09-25,236.55,279.58,223.57,250.44,250.44,1783,38997.42
2000-09-26,405.79,434.76,391.29,409.03,409.03,1146,49255.5
2000-09-27,246.49,277.47,201.63,230.67,230.67,1653,23763.68
2000-09-28,353.78,388.12,319.32,374.9,374.9,1397,17619.56
2000-09-29,454.81,493.24,445.88,473.61,473.61,3238,45935.91
2000-09-30,486.39,489.97,458.93,469.49,469.49,2036,46383.68
2000-10-01,71.86,72.24,40.99,68.82,68.82,3926,30456.08
2000-10-02,371.98,400.67,362.58,374.84,374.84,4303,44990.83
2000-10-03,434.5,438.79,433.85,437.1,437.1,2062,19282.66
2000-10-04,80.22,109.82,38.54,75.89,75.89,4493,43291.02
2000-10-05,450.53,492.1,428.78,438.58,438.58,3354,35391.54
2000-10-06,282.08,297.32,273.02,277.58,277.58,3026,10607.32
2000-10-07,54.84,69.8,40.08,59.33,59.33,1972,11073.43
2000-10-08,266.12,272.7,255.13,262.46,262.46,1247,23150.04
2000-10-09,128.99,132.44,99.36,105.72,105.72,2502,34456.87
2000-10-10,82.42,102.41,53.33,85.49,85.49,2551,20417.67
2000-10-11,134.12,183.59,93.53,153.69,153.69,3491,40355.25
2000-10-12,115.88,135.09,78.18,119.17,119.17,3548,41325.29
2000-10-13,441.45,459.22,416.04,453.78,453.78,1209,18482.64
2000-10-14,54.1,95.99,22.34,34.01,34.01,2217,46561.51
2000-10-15,91.2,98.73,86.11,90.94,90.94,1114,49988.7
2000-10-16,182.36,229.98,173.45,178.38,178.38,4494,15806.28
2000-10-17,176.15,200.36,137.73,154.91,154.91,3547,49887.04
2000-10-18,139.13,141.58,108.61,116.9,116.9,4418,15704.17
2000-10-19,191.95,227.11,154.06,183.35,183.35,1545,47984.29
2000-10-20,105.36,153.53,72.91,146.77,146.77,2726,18896.08
2000-10-21,416.01,427.04,391.51,409.31,409.31,3089,48888.08
2000-10-22,392.68,424.75,367.57,397.44,397.44,2713,27384.39
2000-10-23,404.24,417.41,397.99,400.07,400.07,1074,10949.38
2000-10-24,260.62,306.63,237.86,239.89,239.89,1687,31396.24
2000-10-25,234.57,279.5,218.55,276.8,276.8,2470,47975.59
2000-10-26,267.82,281.02,220.36,278.01,278.01,1442,49746.09
2000-10-27,287.2,315.28,278.15,298.69,298.69,1949,48237.29
2000-10-28,99.5,147.4,85.6,129.09,129.09,2645,23361.96
2000-10-29,311.38,317.5,299.57,304.65,304.65,4514,41698.56
2000-10-30,88.2,111.58,59.28,110.12,110.12,3588,35778.24
2000-10-31,457.1,483.39,453.9,470.31,470.31,2830,19784.81
2000-11-01,321.57,362.32,294.5,361.15,361.15,2123,18191.17
2000-11-02,174.84,208.44,155.74,197.57,197.57,3944,20761.49
2000-11-03,111.71,143.17,103.71,120.42,120.42,4493,16594.63
2000-11-04,492.37,537.75,468.74,482.86,482.86,1522,39288.74
2000-11-05,54.78,78.24,27.85,33.42,33.42,1044,34305.11
2000-11-06,152.25,162.58,113.25,117.04,117.04,4209,30254.69
2000-11-07,178.65,193.14,175.99,184.74,184.74,1860,39103.58
2000-11-08,315.27,341.52,271.7,323.44,323.44,4069,33223.66
2000-11-09,116.74,154.75,77.3,100.57,100.57,2434,38846.15
2000-11-10,200.1,230.21,151.46,217.54,217.54,2191,19205.34
2000-11-11,345.75,358.45,312.01,330.73,330.73,4730,49569.88
2000-11-12,199.29,247.75,155.84,226.29,226.29,3046,18340.37
2000-11-13,204.67,228.86,166.95,184.81,184.81,3867,21502.65
2000-11-14,121.7,147.0,96.47,104.37,104.37,3207,33461.36
2000-11-15,396.48,441.4,346.58,441.12,441.12,4297,31856.79
2000-11-16,282.71,329.05,256.34,319.91,319.91,4340,48518.09
2000-11-17,418.95,439.56,384.37,393.67,393.67,2453,36625.64
2000-11-18,476.8,522.82,431.15,461.29,461.29,3974,27805.98
2000-11-19,127.89,176.05,107.5,121.24,121.24,3738,22518.32
2000-11-20,382.38,418.5,361.82,414.29,414.29,3132,44507.66
2000-11-21,215.39,248.18,204.37,226.11,226.11,2662,42744.64
2000-11-22,240.43,254.22,220.63,232.36,232.36,4412,25001.79
2000-11-23,99.55,146.05,51.78,128.19,128.19,3760,45377.94
2000-11-24,144.28,168.71,108.48,166.48,166.48,2074,12018.17
2000-11-25,372.7,395.66,342.36,384.75,384.75,3926,21768.62
2000-11-26,312.31,345.05,279.28,314.19,314.19,3373,28612.98
2000-11-27,156.04,196.3,148.04,182.63,182.63,3269,22175.28
2000-11-28,470.75,480.41,430.7,457.33,457.33,2352,15013.36
2000-11-29,89.58,109.52,88.95,95.78,95.78,4530,14970.19
2000-11-30,259.63,303.16,230.19,237.68,237.68,3397,44588.71
2000-12-01,480.33,499.48,479.92,496.02,496.02,4823,10683.24
2000-12-02,441.07,453.74,423.75,436.45,436.45,1480,28409.73
2000-12-03,344.16,368.47,315.45,368.18,368.18,3355,35223.84
2000-12-04,242.67,246.14,232.67,233.87,233.87,4088,34791.45
2000-12-05,450.1,455.43,442.72,443.96,443.96,2998,29393.0
2000-12-06,128.91,143.97,117.56,129.6,129.6,3742,28840.73
2000-12-07,308.54,333.71,265.83,327.29,327.29,1795,12642.67
2000-12-08,486.01,527.16,442.33,447.09,447.09,4869,49777.4
2000-12-09,475.61,509.45,447.86,467.06,467.06,2078,14578.14
2000-12-10,313.87,346.62,307.36,327.98,327.98,3051,39206.94
2000-12-11,405.23,454.6,382.75,392.64,392.64,2053,13101.5
2000-12-12,289.41,307.12,243.38,247.09,247.09,1346,27474.54
2000-12-13,258.75,303.19,230.42,280.53,280.53,3351,35065.0
2000-12-14,492.69,508.37,491.43,491.75,491.75,3686,42323.95
2000-12-15,115.09,136.95,96.2,97.57,97.57,4218,33587.98
2000-12-16,239.7,268.23,206.46,232.62,232.62,4891,35215.8
2000-12-17,384.1,422.37,350.71,387.88,387.88,3158,28770.38
2000-12-18,112.83,135.99,87.19,94.55,94.55,3818,12479.05
2000-12-19,320.56,363.62,287.2,306.05,306.05,3695,27054.69
2000-12-20,246.6,284.81,230.95,275.04,275.04,2491,41699.15
2000-12-21,82.44,91.98,32.98,68.35,68.35,2629,27610.31
2000-12-22,417.75,426.18,404.86,423.7,423.7,1693,43749.57
2000-12-23,432.31,451.15,407.08,426.15,426.15,3366,44594.44
2000-12-24,386.14,430.98,381.56,419.38,419.38,3981,41119.26
2000-12-25,118.66,131.29,105.74,110.73,110.73,2463,35998.11
2000-12-26,131.37,158.7,93.18,128.84,128.84,1358,23423.18
2000-12-27,282.78,324.23,256.09,310.04,310.04,1145,10380.18
2000-12-28,145.84,194.69,121.72,122.23,122.23,2543,15762.31
2000-12-29,169.84,194.49,165.33,188.55,188.55,4107,16167.75
2000-12-30,104.16,106.56,62.5,98.76,98.76,4931,26094.25
2000-12-31,135.23,158.22,97.08,134.83,134.83,2108,14381.4
2001-01-01,409.1,409.2,377.44,404.44,404.44,1102,16192.49
2001-01-02,233.56,259.02,220.51,254.37,254.37,2964,32236.01
2001-01-03,405.25,446.82,359.49,375.02,375.02,1688,33922.48
2001-01-04,149.59,170.62,100.6,159.47,159.47,2296,14057.95
2001-01-05,396.09,415.31,364.55,377.17,377.17,1835,36335.68
2001-01-06,325.54,358.06,314.09,336.9,336.9,3873,30959.51
2001-01-07,277.09,325.05,254.59,319.69,319.69,1289,14161.41
2001-01-08,249.08,250.78,219.46,250.33,250.33,1961,43588.38
2001-01-09,241.91,255.52,237.53,243.02,243.02,1242,40520.71
2001-01-10,205.52,248.5,202.64,224.46,224.46,2319,11540.95
2001-01-11,375.93,391.94,358.34,361.0,361.0,1298,42883.67
2001-01-12,190.08,199.94,188.25,195.89,195.89,2742,23372.84
2001-01-13,114.22,118.11,91.12,103.53,103.53,1077,45269.7
2001-01-14,228.86,247.74,212.03,243.75,243.75,2419,31091.46
2001-01-15,469.88,508.85,436.55,498.78,498.78,1479,49470.32
2001-01-16,151.65,162.57,125.02,143.44,143.44,2468,27800.2
2001-01-17,185.45,235.36,146.64,163.65,163.65,3839,19015.25
2001-01-18,406.21,408.23,404.66,406.22,406.22,4119,34514.14
2001-01-19,278.83,316.51,233.95,290.02,290.02,3040,46372.24
2001-01-20,109.15,111.42,99.11,105.21,105.21,2033,37009.82
2001-01-21,133.19,177.11,83.27,142.5,142.5,3528,11708.62
2001-01-22,452.81,477.39,430.28,453.61,453.61,4803,47603.98
2001-01-23,59.93,107.7,12.44,48.0,48.0,4209,11708.3
2001-01-24,308.84,350.15,273.9,281.46,281.46,3437,12624.71
2001-01-25,156.16,183.32,109.4,127.86,127.86,2382,24735.5
2001-01-26,63.35,74.55,13.72,48.72,48.72,4196,11341.82
2001-01-27,160.4,179.37,126.75,174.85,174.85,4145,18582.6
2001-01-28,90.2,109.19,47.16,105.35,105.35,3114,32404.53
2001-01-29,309.95,310.3,290.31,310.12,310.12,2360,49125.03
2001-01-30,63.37,109.42,29.62,100.26,100.26,2682,35093.85
2001-01-31,384.99,418.46,352.36,413.89,413.89,1809,35114.19
2001-02-01,439.8,471.43,390.76,408.14,408.14,3275,23733.46
2001-02-02,497.59,511.76,466.57,492.6,492.6,1804,30869.12
2001-02-03,137.45,152.97,134.93,150.68,150.68,4251,17490.18
2001-02-04,199.55,204.26,190.54,192.67,192.67,4206,30961.3
2001-02-05,378.29,381.73,363.37,364.67,364.67,4861,21960.88
2001-02-06,287.7,329.68,248.37,275.89,275.89,4928,15826.13
2001-02-07,429.2,473.18,410.43,426.3,426.3,3219,17691.93
2001-02-08,488.23,490.67,477.9,481.61,481.61,2332,18877.77
2001-02-09,361.8,407.86,328.61,401.61,401.61,2752,23243.82
2001-02-10,479.99,506.25,448.46,500.09,500.09,2669,24626.32
2001-02-11,357.48,403.94,321.64,397.64,397.64,1842,46710.62
2001-02-12,53.44,95.95,12.59,83.77,83.77,1067,34233.99
2001-02-13,408.1,432.69,376.86,383.99,383.99,4905,24000.27
2001-02-14,225.03,254.6,176.35,212.26,212.26,2348,31188.11
2001-02-15,312.67,348.73,267.2,344.69,344.69,4883,14465.69
2001-02-16,288.22,327.03,278.59,308.26,308.26,4349,32924.83
2001-02-17,57.11,57.81,44.15,54.34,54.34,2094,45485.28
2001-02-18,380.67,412.35,364.37,385.61,385.61,2388,21078.25
2001-02-19,485.12,493.21,451.9,452.41,452.41,4167,41155.49
2001-02-20,318.76,367.04,292.32,355.11,355.11,3817,38649.59
2001-02-21,476.59,479.29,453.86,457.67,457.67,4601,30877.86
2001-02-22,383.58,411.77,356.26,378.79,378.79,4670,43337.19
2001-02-23,344.47,357.7,299.22,311.08,311.08,2246,20308.05
2001-02-24,449.65,487.22,421.87,428.04,428.04,4420,44703.63
2001-02-25,129.83,176.77,108.07,160.34,160.34,3467,49418.58
2001-02-26,83.8,125.58,35.38,89.31,89.31,3241,49100.4
2001-02-27,92.51,126.62,48.09,108.73,108.73,2353,46172.15
2001-02-28,435.06,464.54,419.78,422.66,422.66,3467,46443.09
2001-03-01,293.66,340.11,250.12,288.2,288.2,1582,41661.15
2001-03-02,167.29,200.54,122.02,164.76,164.76,4218,15956.54
2001-03-03,153.63,195.37,130.6,164.65,164.65,1625,40676.22
2001-03-04,341.67,362.98,336.97,341.16,341.16,4897,36796.33
2001-03-05,452.53,492.19,437.08,445.94,445.94,1482,13069.34
2001-03-06,216.59,246.41,213.93,232.29,232.29,3714,45088.58
2001-03-07,244.88,293.23,202.08,253.55,253.55,1852,46622.53
2001-03-08,310.25,334.57,280.19,280.26,280.26,4030,18212.9
2001-03-09,327.51,376.51,315.55,344.43,344.43,4031,28169.78
2001-03-10,491.85,538.15,445.69,537.67,537.67,1712,33570.02
2001-03-11,95.58,113.07,86.35,107.33,107.33,4610,20982.88
2001-03-12,116.69,125.44,80.24,103.42,103.42,2123,11466.96
2001-03-13,406.48,424.36,397.18,405.21,405.21,2757,33921.52
2001-03-14,215.46,245.48,182.42,215.84,215.84,4829,38576.73
2001-03-15,216.51,260.22,186.29,225.96,225.96,2137,18877.98
2001-03-16,130.3,147.55,104.36,122.77,122.77,4197,18815.62
2001-03-17,461.24,488.47,454.51,462.2,462.2,1427,36807.17
2001-03-18,383.01,418.78,335.98,357.66,357.66,2509,23098.14
2001-03-19,487.98,497.18,466.64,489.92,489.92,3962,28680.73
2001-03-20,142.44,153.24,110.74,144.62,144.62,3749,11733.4
2001-03-21,236.4,266.92,195.15,229.2,229.2,1906,38765.92
2001-03-22,492.19,537.93,481.85,517.51,517.51,2886,35508.54
2001-03-23,179.15,222.34,150.72,164.55,164.55,1323,18416.04
2001-03-24,243.04,273.55,205.02,226.62,226.62,1951,29761.36
2001-03-25,289.96,295.31,265.74,266.74,266.74,2000,19077.87
2001-03-26,116.32,138.13,97.4,133.47,133.47,3543,23441.71
2001-03-27,288.6,296.5,264.49,266.81,266.81,1530,41930.82
2001-03-28,130.29,172.02,106.18,159.29,159.29,3164,38129.29
2001-03-29,105.39,108.75,69.14,103.27,103.27,2477,12844.5
2001-03-30,274.01,305.51,263.23,305.11,305.11,2686,39825.62
2001-03-31,480.05,494.04,468.5,489.32,489.32,4041,25611.8
2001-04-01,191.56,237.27,162.4,187.28,187.28,2614,35726.47
2001-04-02,117.08,162.08,115.57,158.42,158.42,4194,15609.16
2001-04-03,59.69,74.89,22.42,70.88,70.88,2030,37098.99
2001-04-04,121.78,133.05,120.96,128.33,128.33,1853,44873.83
2001-04-05,484.61,489.8,472.16,479.2,479.2,4291,16384.44
2001-04-06,296.7,298.93,263.0,280.29,280.29,3558,35517.81
2001-04-07,64.53,64.57,60.16,60.19,60.19,2300,32933.59
2001-04-08,75.89,104.95,32.55,33.25,33.25,3319,44062.49
2001-04-09,331.89,348.63,326.24,333.63,333.63,3532,28124.68
2001-04-10,257.82,297.06,245.63,284.74,284.74,1259,35487.33
2001-04-11,327.48,344.25,281.73,313.01,313.01,3393,23777.23
2001-04-12,221.12,268.54,184.94,212.44,212.44,3522,46396.64
2001-04-13,361.68,401.68,347.7,367.9,367.9,4592,32765.79
2001-04-14,149.96,180.51,140.27,160.29,160.29,1706,37895.98
2001-04-15,301.1,331.86,288.97,317.81,317.81,3428,11109.34
2001-04-16,365.02,367.23,321.19,347.03,347.03,2576,47207.8
2001-04-17,452.69,490.26,405.52,444.78,444.78,1230,31286.36
2001-04-18,53.06,69.16,51.68,58.38,58.38,1831,40678.7
2001-04-19,105.75,141.63,97.4,99.23,99.23,3789,31286.12
2001-04-20,420.18,466.06,400.51,430.02,430.02,2189,35660.98
2001-04-21,442.58,483.57,436.24,451.82,451.82,4243,44864.96
2001-04-22,317.2,326.81,299.28,314.79,314.79,3439,27290.28
2001-04-23,80.9,102.54,39.23,60.47,60.47,4362,32769.39
2001-04-24,82.84,84.73,60.52,80.22,80.22,1294,14553.51
2001-04-25,110.83,148.07,75.19,83.81,83.81,3024,17714.81
2001-04-26,451.2,479.36,411.32,466.21,466.21,4625,21980.47
2001-04-27,248.62,286.4,225.02,246.94,246.94,4690,36755.56
2001-04-28,496.66,517.81,494.23,508.39,508.39,4638,31976.83
2001-04-29,101.89,150.65,52.37,81.11,81.11,4758,39945.61
2001-04-30,306.31,330.41,264.37,287.44,287.44,3799,16980.03
2001-05-01,183.54,217.28,177.74,191.43,191.43,1366,44929.86
2001-05-02,192.53,199.5,167.94,192.34,192.34,1887,18010.32
2001-05-03,351.59,377.17,335.93,372.53,372.53,3373,21339.2
2001-05-04,176.61,209.17,175.03,202.91,202.91,1567,47518.23
2001-05-05,240.5,288.02,238.47,265.56,265.56,3266,15418.25
2001-05-06,373.9,409.13,333.12,335.69,335.69,3924,31217.2
2001-05-07,168.86,185.51,165.89,168.78,168.78,3689,33961.15
2001-05-08,284.48,302.11,246.07,254.26,254.26,4649,12403.73
2001-05-09,494.31,519.92,450.78,462.39,462.39,3245,40675.54
2001-05-10,487.78,534.38,483.67,512.46,512.46,3508,36778.03
2001-05-11,187.27,192.0,176.65,178.85,178.85,1295,46382.7
2001-05-12,364.66,380.67,358.99,366.73,366.73,2966,23780.26
2001-05-13,54.59,76.27,11.3,56.84,56.84,1677,15314.81
2001-05-14,314.26,315.21,302.52,305.82,305.82,2126,37758.89
2001-05-15,358.88,371.54,335.68,336.68,336.68,4365,32111.61
2001-05-16,90.91,135.6,80.7,83.98,83.98,4104,28030.01
2001-05-17,399.62,417.83,381.89,393.29,393.29,1498,36944.2
2001-05-18,51.68,72.93,13.68,71.43,71.43,2986,24313.59
2001-05-19,217.11,242.41,169.46,209.37,209.37,4037,25489.54
2001-05-20,148.14,171.19,110.97,136.67,136.67,1641,10060.17
2001-05-21,417.01,434.58,368.8,433.31,433.31,1515,49307.53
2001-05-22,339.06,341.47,317.34,335.78,335.78,4977,16155.69
2001-05-23,130.83,174.3,89.53,115.6,115.6,3006,15668.93
2001-05-24,221.2,246.4,172.15,181.97,181.97,4013,11955.68
2001-05-25,413.92,432.22,395.13,406.78,406.78,1594,34336.42
2001-05-26,214.61,238.43,165.29,201.11,201.11,1512,23645.31
2001-05-27,404.59,428.76,356.83,421.25,421.25,4737,27403.27
2001-05-28,282.17,312.28,260.07,301.11,301.11,3538,24567.06
2001-05-29,145.7,147.43,105.65,112.09,112.09,3172,23345.85
2001-05-30,457.15,462.02,441.31,453.08,453.08,3311,26572.94
2001-05-31,251.46,275.7,241.37,243.01,243.01,2336,15112.36
2001-06-01,328.89,328.91,286.13,300.05,300.05,2315,22364.31
2001-06-02,400.81,447.69,386.22,419.7,419.7,4282,36337.4
2001-06-03,381.78,418.02,354.92,362.18,362.18,2009,44386.43
2001-06-04,213.16,244.19,194.31,228.59,228.59,1390,31834.78
2001-06-05,429.8,471.14,394.31,435.57,435.57,2430,27870.42
2001-06-06,311.64,326.57,310.54,310.7,310.7,2144,18891.54
2001-06-07,450.11,492.83,422.76,483.93,483.93,1749,13681.11
2001-06-08,431.17,477.25,388.94,408.1,408.1,4449,38113.39
2001-06-09,83.06,96.44,47.98,95.22,95.22,2375,14532.39
2001-06-10,60.25,86.75,25.89,80.02,80.02,3866,35722.81
2001-06-11,189.1,225.88,155.66,186.39,186.39,3060,27581.59
2001-06-12,295.35,342.22,262.78,266.68,266.68,1803,15932.63
2001-06-13,333.84,374.64,317.37,330.84,330.84,3665,43783.99
2001-06-14,377.36,406.63,359.73,380.26,380.26,4326,25688.71
2001-06-15,60.93,95.59,35.06,54.03,54.03,4888,26148.96
2001-06-16,280.26,305.29,243.26,292.03,292.03,4476,47451.77
2001-06-17,394.59,403.9,382.79,391.77,391.77,2247,46689.98
2001-06-18,452.13,462.42,416.66,438.47,438.47,1537,13744.95
2001-06-19,381.49,421.58,335.29,358.4,358.4,3122,21284.93
2001-06-20,289.95,319.29,254.8,315.71,315.71,4157,43752.24
2001-06-21,288.25,301.48,275.92,300.15,300.15,2888,20944.98
2001-06-22,440.85,487.55,439.6,448.72,448.72,1721,48680.27
2001-06-23,235.24,261.99,221.21,249.27,249.27,3955,37535.71
2001-06-24,269.96,276.76,235.11,258.29,258.29,2192,41986.03
2001-06-25,293.15,297.08,249.38,284.05,284.05,2551,34285.63
2001-06-26,192.19,194.21,165.48,180.94,180.94,3136,29789.09
2001-06-27,362.72,380.92,357.37,380.25,380.25,1588,36081.82
2001-06-28,112.29,128.24,85.13,85.79,85.79,4616,48105.53
2001-06-29,401.71,423.31,364.96,382.94,382.94,1244,30256.86
2001-06-30,336.21,381.95,302.6,376.75,376.75,2921,12530.53
2001-07-01,474.03,486.55,430.31,468.97,468.97,4826,15669.16
2001-07-02,314.5,350.06,294.88,328.06,328.06,2776,40894.2
2001-07-03,109.35,110.6,100.66,101.36,101.36,3298,27312.27
2001-07-04,470.62,477.92,443.32,448.39,448.39,3997,19991.91
2001-07-05,464.11,465.73,455.46,465.3,465.3,2000,46336.85
2001-07-06,437.03,445.62,428.0,429.61,429.61,3587,13101.79
2001-07-07,261.09,298.67,224.97,271.56,271.56,3298,45058.49
2001-07-08,434.43,446.5,409.1,410.96,410.96,2855,12194.42
2001-07-09,273.52,283.19,249.01,282.58,282.58,1693,38494.66
2001-07-10,467.67,491.59,432.79,433.19,433.19,4168,48591.97
2001-07-11,246.61,275.3,212.16,253.3,253.3,3967,10909.41
2001-07-12,430.8,461.1,388.38,424.77,424.77,3089,21186.26
2001-07-13,238.04,246.38,234.65,241.01,241.01,2060,19876.38
2001-07-14,386.3,431.76,353.02,396.69,396.69,2128,27612.68
2001-07-15,292.95,335.05,270.79,321.64,321.64,4741,24366.31
2001-07-16,153.17,166.67,133.18,140.67,140.67,3746,40551.95
2001-07-17,240.41,290.33,224.51,235.34,235.34,2010,45003.17
2001-07-18,212.74,232.65,169.63,217.61,217.61,1911,46749.08
2001-07-19,157.33,195.87,149.3,162.33,162.33,3873,21156.41
2001-07-20,123.39,142.72,88.36,114.74,114.74,3077,21995.58
2001-07-21,407.14,456.13,404.02,425.05,425.05,3686,30201.62
2001-07-22,478.68,519.93,473.98,474.82,474.82,2221,42958.62
2001-07-23,373.19,395.95,369.35,393.9,393.9,1571,24327.64
2001-07-24,447.12,461.55,443.43,457.53,457.53,1507,40149.61
2001-07-25,391.87,411.74,390.07,400.89,400.89,4288,36160.71
2001-07-26,67.64,68.41,56.91,58.37,58.37,4589,21844.98
2001-07-27,163.09,173.05,123.71,129.64,129.64,4702,12236.88
2001-07-28,217.75,252.85,210.13,248.02,248.02,4622,24850.7
2001-07-29,278.16,311.29,229.74,279.88,279.88,2715,24484.14
2001-07-30,121.02,152.6,96.62,116.02,116.02,4782,12093.85
2001-07-31,93.26,138.66,63.06,91.51,91.51,2178,19997.33
2001-08-01,307.85,346.2,290.47,319.73,319.73,4738,29391.76
2001-08-02,300.69,335.06,270.72,305.33,305.33,1991,36385.69
2001-08-03,151.7,179.13,134.41,135.55,135.55,4327,32722.05
2001-08-04,279.26,312.04,275.86,292.34,292.34,3764,47046.6
2001-08-05,284.98,327.45,282.41,305.18,305.18,4948,23696.94
2001-08-06,71.02,100.61,42.59,88.58,88.58,2819,16239.46
2001-08-07,398.77,434.11,393.73,414.69,414.69,2229,26281.88
2001-08-08,381.86,408.28,379.99,381.4,381.4,1293,30290.0
2001-08-09,226.45,247.57,200.83,218.04,218.04,2954,39975.96
2001-08-10,299.37,303.43,259.59,296.88,296.88,4645,10356.16
2001-08-11,169.9,171.23,126.34,146.55,146.55,1241,38534.2
2001-08-12,345.38,347.24,319.67,331.21,331.21,3762,35884.31
2001-08-13,472.73,479.64,434.31,465.04,465.04,2854,29436.77
2001-08-14,121.54,121.97,116.67,121.66,121.66,3682,49170.63
2001-08-15,251.57,298.57,221.32,270.68,270.68,1121,13788.03
2001-08-16,231.46,241.28,192.9,208.82,208.82,2948,28707.26
2001-08-17,109.79,136.99,90.98,130.03,130.03,3583,33010.34
2001-08-18,325.57,332.67,292.85,328.53,328.53,4698,28058.05
2001-08-19,226.47,232.23,196.43,217.75,217.75,3895,44419.18
2001-08-20,107.95,133.01,92.96,122.3,122.3,4522,19478.3
2001-08-21,393.71,408.4,386.91,391.52,391.52,2770,28883.41
2001-08-22,190.15,218.46,142.39,218.38,218.38,3163,20816.05
2001-08-23,284.81,293.15,250.47,258.46,258.46,1461,17970.41
2001-08-24,241.4,251.23,214.0,217.29,217.29,2948,14742.78
2001-08-25,455.53,467.58,437.5,467.48,467.48,2183,45548.39
2001-08-26,329.97,375.37,296.38,331.5,331.5,1807,23097.94
2001-08-27,308.12,326.29,301.92,319.72,319.72,3709,18400.55
2001-08-28,74.1,120.39,70.47,101.25,101.25,1674,45303.67
2001-08-29,458.18,465.5,446.25,464.23,464.23,3448,37758.08
2001-08-30,249.99,291.99,243.28,264.57,264.57,4234,11286.5
2001-08-31,292.61,337.7,245.33,309.03,309.03,1607,20534.28
2001-09-01,89.28,100.54,84.65,100.13,100.13,1932,20952.41
2001-09-02,88.63,116.7,38.65,53.09,53.09,4434,20595.15
2001-09-03,241.76,266.32,220.95,235.26,235.26,1086,26995.52
2001-09-04,490.32,530.29,450.22,466.87,466.87,2732,39795.38
2001-09-05,103.24,109.52,66.44,84.16,84.16,1049,28170.96
2001-09-06,430.65,469.74,419.06,467.84,467.84,4826,11821.65
2001-09-07,184.76,224.2,146.09,198.63,198.63,3924,46758.91
2001-09-08,108.73,148.01,62.43,146.28,146.28,2802,44986.43
2001-09-09,241.5,290.87,199.51,210.06,210.06,2628,25259.11
2001-09-10,230.66,257.71,191.75,214.54,214.54,3426,29216.68
2001-09-11,318.41,346.3,301.14,302.08,302.08,1936,33355.14
2001-09-12,367.01,398.79,328.91,395.73,395.73,2235,45225.62
2001-09-13,113.66,154.12,74.28,152.7,152.7,1920,16170.09
2001-09-14,143.14,143.74,142.97,143.2,143.2,3959,23075.67
2001-09-15,93.85,129.77,62.13,115.63,115.63,3173,21344.66
2001-09-16,181.36,215.17,164.96,193.28,193.28,4225,29326.82
2001-09-17,442.55,467.26,399.66,416.49,416.49,1734,44156.81
2001-09-18,460.94,476.54,434.76,475.02,475.02,4975,28806.52
2001-09-19,242.78,257.33,223.48,244.37,244.37,4723,31277.65
2001-09-20,386.37,406.21,365.4,401.66,401.66,3054,30770.15
2001-09-21,184.08,228.34,161.33,189.52,189.52,3190,22851.87
2001-09-22,356.29,379.11,315.91,352.03,352.03,1182,14014.36
2001-09-23,310.11,322.82,260.77,274.97,274.97,1627,31550.29
2001-09-24,96.68,102.25,76.78,78.89,78.89,4702,10819.34
2001-09-25,203.23,217.87,154.39,204.17,204.17,4069,30224.52
2001-09-26,298.99,302.72,258.22,293.9,293.9,1327,21306.8
2001-09-27,216.25,256.58,209.21,236.37,236.37,4615,47078.17
2001-09-28,209.22,243.57,185.38,209.79,209.79,3532,20761.66
2001-09-29,393.0,432.87,390.7,396.32,396.32,3271,16708.93
2001-09-30,169.53,179.85,143.84,178.81,178.81,4448,42265.75
2001-10-01,305.93,351.74,300.54,323.12,323.12,2276,32044.88
2001-10-02,261.11,301.67,212.4,260.11,260.11,3283,30424.32
2001-10-03,155.63,181.18,114.9,171.1,171.1,1338,32414.81
2001-10-04,299.0,346.83,255.75,287.95,287.95,4127,42132.99
2001-10-05,129.12,145.55,103.41,124.05,124.05,1902,30550.04
2001-10-06,384.28,416.53,374.9,415.33,415.33,1383,37866.49
2001-10-07,337.0,340.83,312.09,332.65,332.65,2884,44192.06
2001-10-08,137.39,145.75,121.42,143.39,143.39,2356,47533.46
2001-10-09,462.6,511.05,433.3,473.26,473.26,3087,48181.93
2001-10-10,252.32,267.99,249.65,257.42,257.42,4684,19706.92
2001-10-11,471.08,519.22,429.46,452.78,452.78,4365,26618.38
2001-10-12,128.47,129.72,84.21,86.78,86.78,1273,49427.27
2001-10-13,193.85,239.49,193.77,207.01,207.01,4220,14836.46
2001-10-14,380.75,411.64,337.04,342.43,342.43,2823,44613.23
2001-10-15,367.21,383.13,331.47,352.9,352.9,4697,29539.55
2001-10-16,166.39,215.76,129.42,211.13,211.13,2834,35373.93
2001-10-17,163.77,184.63,142.16,177.72,177.72,1854,32606.14
2001-10-18,408.56,419.8,376.52,394.28,394.28,1596,25623.54
2001-10-19,194.11,225.75,183.9,223.31,223.31,3582,37851.04
2001-10-20,88.62,125.24,42.29,66.68,66.68,1528,13507.87
2001-10-21,363.4,379.97,326.01,372.78,372.78,2349,42914.72
2001-10-22,237.82,287.51,191.86,236.69,236.69,3652,40889.37
2001-10-23,480.92,518.57,465.96,469.35,469.35,4277,36579.96
2001-10-24,493.32,522.67,485.98,520.66,520.66,4104,35736.17
2001-10-25,430.02,445.89,414.46,444.53,444.53,4796,33213.93
2001-10-26,465.75,475.75,465.37,472.87,472.87,1349,22941.73
2001-10-27,166.34,199.62,143.18,173.22,173.22,1785,17005.86
2001-10-28,304.3,335.51,294.0,321.16,321.16,1774,43881.97
2001-10-29,56.9,80.07,49.16,56.51,56.51,4851,41207.97
2001-10-30,54.45,77.82,31.8,56.8,56.8,1101,40243.41
2001-10-31,130.7,154.88,94.43,131.64,131.64,2367,22067.77
2001-11-01,259.98,297.41,230.18,293.53,293.53,2867,43070.75
2001-11-02,393.13,431.75,385.47,429.25,429.25,3487,27888.48
2001-11-03,329.33,360.58,280.47,344.6,344.6,4447,37993.05
2001-11-04,258.38,293.11,240.04,283.72,283.72,2937,46849.73
2001-11-05,373.12,396.07,340.83,386.79,386.79,1330,41670.76
2001-11-06,325.08,339.6,286.45,297.24,297.24,1191,13357.47
2001-11-07,256.68,288.93,253.72,276.0,276.0,2619,30250.57
2001-11-08,283.63,304.03,238.41,275.44,275.44,2075,41036.64
2001-11-09,340.04,362.83,336.27,353.81,353.81,3706,11577.29
2001-11-10,446.18,456.64,414.88,417.72,417.72,4907,29611.22
2001-11-11,63.66,98.71,59.2,61.75,61.75,3103,49384.51
2001-11-12,70.92,104.12,54.13,76.23,76.23,1004,42112.64
2001-11-13,415.16,452.24,398.36,426.51,426.51,3432,22613.4
2001-11-14,488.33,537.04,477.95,479.88,479.88,1640,13884.72
2001-11-15,481.45,487.53,475.68,484.09,484.09,4360,22130.42
2001-11-16,266.1,271.81,221.43,247.47,247.47,3932,33123.06
2001-11-17,467.34,474.37,463.05,472.37,472.37,4599,26679.27
2001-11-18,240.27,278.43,235.3,264.71,264.71,4668,38137.51
2001-11-19,413.36,437.14,389.5,425.51,425.51,2326,15983.2
2001-11-20,95.8,136.06,86.26,103.53,103.53,2202,38937.33
2001-11-21,211.92,214.84,185.92,214.39,214.39,1295,17872.09
2001-11-22,268.57,274.55,224.18,254.85,254.85,3965,33702.99
2001-11-23,50.88,68.04,18.5,58.57,58.57,2937,24337.48
2001-11-24,192.69,215.52,174.41,189.5,189.5,2476,39384.28
2001-11-25,299.89,344.63,252.18,314.33,314.33,4288,43110.23
2001-11-26,300.84,342.82,255.01,322.29,322.29,4712,21227.98
2001-11-27,446.41,453.46,434.11,451.56,451.56,4107,37148.5
2001-11-28,64.98,94.35,54.59,90.01,90.01,3616,12857.94
2001-11-29,357.9,359.94,345.79,356.75,356.75,3141,44211.88
2001-11-30,284.23,309.67,245.86,273.6,273.6,3161,14585.14
2001-12-01,441.66,461.4,418.96,445.12,445.12,1401,15248.89
2001-12-02,61.63,79.93,43.63,74.58,74.58,3699,22542.67
2001-12-03,171.84,221.44,153.82,178.44,178.44,3108,31907.65
2001-12-04,433.92,470.43,430.2,440.64,440.64,4546,10118.36
2001-12-05,461.21,461.88,454.69,455.55,455.55,4769,35026.8
2001-12-06,197.71,236.54,151.99,192.47,192.47,2787,35451.1
2001-12-07,493.19,528.97,461.41,478.44,478.44,2844,11415.81
2001-12-08,277.51,299.1,277.23,297.18,297.18,2149,23875.02
2001-12-09,186.31,186.95,139.61,182.2,182.2,2159,16199.57
2001-12-10,456.57,469.4,453.35,454.39,454.39,2378,28783.71
2001-12-11,315.94,329.77,293.28,320.19,320.19,4804,35127.48
2001-12-12,128.67,135.46,87.77,132.73,132.73,4408,13192.81
2001-12-13,70.42,81.3,25.56,50.09,50.09,2199,15682.2
2001-12-14,96.33,132.16,58.67,93.68,93.68,4870,37742.08
2001-12-15,253.24,275.59,240.23,254.13,254.13,4557,12288.29
2001-12-16,170.98,180.55,141.37,153.22,153.22,2484,14486.16
2001-12-17,428.19,467.65,384.91,444.36,444.36,3905,24814.62
2001-12-18,445.04,463.97,399.47,449.29,449.29,1207,29384.55
2001-12-19,347.89,370.19,338.44,349.89,349.89,1212,45367.58
2001-12-20,260.39,271.36,237.2,253.19,253.19,3890,19522.87
2001-12-21,453.32,496.15,413.09,424.22,424.22,4544,13586.92
2001-12-22,137.81,177.65,135.15,166.44,166.44,2383,24046.34
2001-12-23,165.45,173.96,137.43,171.75,171.75,4657,26977.34
2001-12-24,342.61,361.23,307.38,320.5,320.5,2365,20708.67
2001-12-25,85.78,86.52,56.2,73.9,73.9,2992,21873.66
2001-12-26,425.66,429.05,409.98,427.55,427.55,2694,44434.09
2001-12-27,358.06,392.36,347.33,350.57,350.57,1273,34335.11
2001-12-28,368.44,397.56,324.64,341.02,341.02,2915,11559.04
2001-12-29,372.14,390.12,361.9,378.84,378.84,1652,11328.37
2001-12-30,466.47,472.27,423.32,429.84,429.84,3676,43687.29
2001-12-31,145.93,164.35,103.41,140.85,140.85,3672,18848.96
2002-01-01,56.64,59.47,14.25,41.25,41.25,3308,16855.85
2002-01-02,230.38,263.62,206.31,241.06,241.06,2097,22614.39
2002-01-03,186.45,198.72,158.95,161.66,161.66,2792,10835.73
2002-01-04,279.4,294.59,231.75,240.96,240.96,2184,37655.67
2002-01-05,144.31,183.56,98.14,110.55,110.55,1303,40964.78
2002-01-06,455.88,488.29,455.81,461.08,461.08,4553,18029.33
2002-01-07,51.52,75.69,41.68,57.82,57.82,1914,36335.97
2002-01-08,327.57,340.92,286.57,312.95,312.95,4703,14600.02
2002-01-09,401.64,431.91,373.74,396.84,396.84,1366,29039.29
2002-01-10,495.09,507.04,460.64,498.1,498.1,4267,26489.64
2002-01-11,129.31,130.48,94.26,95.26,95.26,1676,28477.58
2002-01-12,74.51,112.47,72.12,99.06,99.06,3596,42563.89
2002-01-13,218.43,224.85,215.41,219.29,219.29,4450,33309.61
2002-01-14,396.34,420.07,389.51,391.49,391.49,3036,30229.65
2002-01-15,158.22,172.88,124.39,148.6,148.6,1743,23206.55
2002-01-16,379.88,405.94,346.63,356.97,356.97,1177,14196.0
2002-01-17,97.34,135.6,75.88,93.04,93.04,1621,46122.79
2002-01-18,288.0,289.06,248.09,279.75,279.75,4975,47379.9
2002-01-19,437.99,457.41,423.78,435.86,435.86,2112,44393.04
2002-01-20,264.81,286.44,234.16,238.02,238.02,4712,23647.68
2002-01-21,287.19,309.73,244.28,256.65,256.65,3254,19781.74
2002-01-22,420.35,467.02,373.44,406.11,406.11,1669,19783.45
2002-01-23,366.95,370.71,349.24,353.01,353.01,4343,13840.02
2002-01-24,78.6,121.87,41.61,43.16,43.16,4295,19759.19
2002-01-25,193.79,209.04,179.35,203.09,203.09,1170,17415.23
2002-01-26,395.06,403.1,379.37,397.59,397.59,4393,17736.67
2002-01-27,256.12,283.68,223.44,283.31,283.31,3086,11996.43
2002-01-28,117.22,144.19,110.68,142.95,142.95,1454,17541.88
2002-01-29,215.05,218.99,194.86,213.67,213.67,3068,17296.92
2002-01-30,411.08,416.98,401.71,403.67,403.67,4501,35045.81
2002-01-31,280.07,321.26,231.01,285.85,285.85,4485,15226.37
2002-02-01,110.46,117.56,104.56,107.64,107.64,4406,36830.78
2002-02-02,475.8,476.97,460.77,468.36,468.36,1582,23423.66
2002-02-03,372.02,388.15,336.9,381.22,381.22,4182,10231.29
2002-02-04,482.63,529.98,434.68,469.0,469.0,4206,25928.41
2002-02-05,383.09,389.27,374.97,378.46,378.46,3165,10569.49
2002-02-06,108.1,114.97,77.81,91.68,91.68,3995,32942.22
2002-02-07,486.94,519.84,464.84,494.17,494.17,1896,31285.36
2002-02-08,463.69,492.01,431.76,445.66,445.66,3873,36118.0
2002-02-09,396.1,415.27,374.07,394.29,394.29,1458,18998.87
2002-02-10,330.92,338.24,287.25,303.84,303.84,3910,40836.26
2002-02-11,492.77,505.41,455.6,471.75,471.75,2459,25160.34
2002-02-12,425.37,438.42,414.15,429.9,429.9,2274,28651.47
2002-02-13,454.14,457.45,416.39,428.11,428.11,1256,43018.56
2002-02-14,411.82,433.08,379.94,409.56,409.56,3595,31337.08
2002-02-15,357.66,367.42,337.29,357.28,357.28,3645,26303.47
2002-02-16,221.24,268.7,207.79,236.78,236.78,4044,15891.35
2002-02-17,185.27,205.38,159.03,183.44,183.44,3986,41935.11
2002-02-18,433.54,446.45,420.57,420.67,420.67,4257,29884.38
2002-02-19,338.98,373.68,331.3,355.15,355.15,1111,14168.64
2002-02-20,423.68,446.59,379.23,417.48,417.48,4186,35875.57
2002-02-21,431.78,460.18,401.19,428.12,428.12,2273,20661.5
2002-02-22,460.76,464.82,414.72,425.11,425.11,3211,11425.46
2002-02-23,64.32,67.53,63.02,63.19,63.19,2096,28655.41
2002-02-24,395.67,441.34,377.93,415.14,415.14,3464,33611.27
2002-02-25,177.51,226.25,154.9,218.68,218.68,1710,41967.17
2002-02-26,106.6,128.4,60.62,90.72,90.72,2157,47944.88
2002-02-27,282.57,305.63,264.09,283.39,283.39,3709,17250.4
2002-02-28,281.55,288.46,252.36,255.02,255.02,1371,45185.07
2002-03-01,445.93,467.01,434.68,439.23,439.23,2740,29860.71
2002-03-02,410.5,417.07,375.42,404.52,404.52,3990,28061.58
2002-03-03,321.36,344.82,315.48,315.77,315.77,2755,38476.05
2002-03-04,182.18,197.6,135.57,177.61,177.61,3396,32711.82
2002-03-05,171.33,172.36,148.45,159.03,159.03,4626,24393.95
2002-03-06,499.44,545.36,460.62,470.15,470.15,1372,13235.03
2002-03-07,465.49,509.94,425.65,493.42,493.42,1925,49110.48
2002-03-08,177.36,223.9,159.58,175.81,175.81,4673,48266.15
2002-03-09,90.1,95.1,61.94,70.32,70.32,1380,10752.56
2002-03-10,245.62,293.08,218.61,234.44,234.44,2551,10481.24
2002-03-11,261.15,285.26,249.15,252.86,252.86,3079,31034.08
2002-03-12,306.84,350.87,296.43,307.51,307.51,2913,37725.63
2002-03-13,384.82,428.17,347.68,407.64,407.64,2300,20378.01
2002-03-14,346.35,376.94,304.5,341.32,341.32,4013,22653.52
2002-03-15,105.8,131.86,87.45,113.81,113.81,3769,13227.97
2002-03-16,458.29,475.46,435.03,443.46,443.46,1971,36489.45
2002-03-17,52.41,55.69,42.09,47.59,47.59,2352,25018.29
2002-03-18,133.08,176.34,110.36,146.2,146.2,2060,26985.7
2002-03-19,153.76,200.82,130.2,159.1,159.1,3339,17113.8
2002-03-20,116.93,166.53,72.71,83.04,83.04,1160,31927.84
2002-03-21,475.57,505.94,435.13,454.06,454.06,4217,45175.49
2002-03-22,95.4,117.48,61.01,66.35,66.35,2679,12912.54
2002-03-23,196.54,216.77,192.76,211.22,211.22,2114,33968.09
2002-03-24,395.85,431.9,387.41,405.04,405.04,3703,16657.39
2002-03-25,120.91,156.36,90.78,143.53,143.53,3032,40452.9
2002-03-26,416.34,426.7,383.49,386.28,386.28,1032,39029.47
2002-03-27,269.92,271.85,230.86,244.19,244.19,3031,39641.98
2002-03-28,288.58,309.86,280.34,285.38,285.38,3440,46404.91
2002-03-29,470.46,505.47,436.54,448.85,448.85,3051,45459.08
2002-03-30,176.16,179.97,161.15,165.77,165.77,4361,36826.48
2002-03-31,441.06,458.09,429.86,451.52,451.52,1401,26854.16
2002-04-01,318.03,342.56,277.81,340.83,340.83,4357,43381.83
2002-04-02,144.45,159.09,106.97,107.32,107.32,3697,37345.41
2002-04-03,276.35,299.7,266.71,272.98,272.98,4674,37285.06
2002-04-04,312.97,340.57,298.11,327.34,327.34,4210,16231.81
2002-04-05,75.23,80.04,25.31,32.48,32.48,4942,45666.64
2002-04-06,291.08,328.58,277.43,289.63,289.63,4719,44731.11
2002-04-07,122.51,130.9,79.6,83.6,83.6,1685,42227.73
2002-04-08,135.04,159.07,93.6,111.33,111.33,3549,28500.89
2002-04-09,60.09,102.24,30.46,36.1,36.1,4864,10114.02
2002-04-10,144.39,189.59,104.8,131.89,131.89,2740,36292.06
2002-04-11,326.94,376.44,317.63,358.86,358.86,4000,31699.79
2002-04-12,98.65,121.18,78.69,94.65,94.65,3914,39191.78
2002-04-13,319.29,358.48,282.31,308.3,308.3,4528,34254.07
2002-04-14,376.1,424.89,334.78,346.2,346.2,1608,23440.27
2002-04-15,327.78,375.35,318.94,360.11,360.11,1977,47714.51
2002-04-16,83.97,130.85,74.49,94.88,94.88,2636,13674.11
2002-04-17,350.4,364.05,346.11,347.25,347.25,4027,14965.27
2002-04-18,185.14,217.37,168.81,174.65,174.65,2556,43847.25
2002-04-19,258.8,302.4,210.24,245.38,245.38,1755,30774.59
2002-04-20,324.91,336.94,296.21,302.81,302.81,1891,44124.51
2002-04-21,91.47,120.63,51.41,113.45,113.45,1009,35952.53
2002-04-22,325.78,334.39,280.95,300.48,300.48,1731,20293.03
2002-04-23,145.3,153.04,133.85,143.38,143.38,1445,39003.22
2002-04-24,379.69,414.75,377.22,401.16,401.16,4044,14643.04
2002-04-25,331.49,346.8,291.64,322.11,322.11,4117,16697.76
2002-04-26,305.57,322.34,264.88,282.65,282.65,2042,32056.21
2002-04-27,477.37,513.85,435.42,458.31,458.31,1183,16610.49
2002-04-28,98.94,131.66,77.77,106.99,106.99,4442,13912.77
2002-04-29,295.62,340.95,271.2,326.5,326.5,1239,11093.65
2002-04-30,127.09,162.62,116.65,153.49,153.49,4185,48867.05
2002-05-01,483.33,490.57,449.95,455.67,455.67,2557,42809.01
2002-05-02,347.21,391.68,340.28,353.16,353.16,4774,36659.01
2002-05-03,119.9,162.55,95.71,120.73,120.73,1653,10704.76
2002-05-04,212.81,231.35,207.18,209.72,209.72,2092,46429.33
2002-05-05,161.73,172.95,160.94,166.67,166.67,2870,43008.9
2002-05-06,432.81,462.85,432.53,461.98,461.98,1998,13173.5
2002-05-07,495.63,503.26,458.59,466.4,466.4,3341,33507.6
2002-05-08,156.19,189.07,144.9,160.44,160.44,2021,17548.36
2002-05-09,81.81,127.96,38.7,66.15,66.15,2196,32848.02
2002-05-10,108.16,123.62,63.23,107.55,107.55,2951,34899.87
2002-05-11,50.22,53.74,20.67,24.61,24.61,2858,44810.33
2002-05-12,193.81,231.17,168.84,169.87,169.87,3852,34226.71
2002-05-13,301.94,305.26,263.69,273.31,273.31,3443,22669.61
2002-05-14,257.22,268.52,230.0,248.58,248.58,1886,37779.36
2002-05-15,240.42,247.06,201.61,219.39,219.39,4949,46988.37
2002-05-16,178.16,206.29,135.95,165.57,165.57,2740,47265.64
2002-05-17,499.36,542.43,473.69,537.19,537.19,1677,43253.42
2002-05-18,178.04,221.77,162.44,181.82,181.82,4433,32772.74
2002-05-19,254.33,259.84,237.09,257.45,257.45,3699,13770.1
2002-05-20,268.91,279.68,229.64,236.85,236.85,2084,42937.39
2002-05-21,68.38,107.7,42.98,46.26,46.26,4398,18938.89
2002-05-22,287.22,330.81,267.04,278.61,278.61,3724,43882.7
2002-05-23,317.94,319.77,271.21,281.67,281.67,1514,41896.81
2002-05-24,395.92,424.77,367.44,424.73,424.73,2383,33047.5
2002-05-25,157.54,194.81,139.36,162.34,162.34,3149,42406.19
2002-05-26,137.22,163.66,115.02,143.63,143.63,2851,32438.71
2002-05-27,429.82,447.19,410.87,428.5,428.5,1150,27734.56
2002-05-28,343.53,376.24,326.88,371.18,371.18,1296,41762.88
2002-05-29,234.5,250.94,202.72,215.02,215.02,3737,36541.45
2002-05-30,190.07,223.42,150.48,152.47,152.47,4097,23661.77
2002-05-31,483.04,524.5,435.57,474.04,474.04,1123,19793.91
2002-06-01,225.75,265.96,213.97,232.47,232.47,1139,25006.34
2002-06-02,264.87,267.66,215.23,235.62,235.62,4640,24734.04
2002-06-03,298.02,306.29,248.1,285.93,285.93,4644,12316.91
2002-06-04,328.06,338.19,315.07,331.09,331.09,2677,47111.0
2002-06-05,340.81,384.91,309.59,319.1,319.1,1314,28955.64
2002-06-06,244.81,256.09,207.01,246.23,246.23,4207,49905.63
2002-06-07,257.09,280.88,212.35,257.4,257.4,3795,17654.35
2002-06-08,127.53,176.57,118.1,127.34,127.34,1265,28258.64
2002-06-09,147.64,170.48,137.74,167.63,167.63,2105,46428.84
2002-06-10,337.54,355.16,324.18,353.03,353.03,3721,17333.08
2002-06-11,432.0,453.68,409.04,424.65,424.65,2430,33848.43
2002-06-12,419.11,421.01,385.48,388.44,388.44,5000,35682.79
2002-06-13,244.1,255.31,232.48,245.69,245.69,4852,46434.16
2002-06-14,331.01,363.39,318.84,348.8,348.8,3077,10690.61
2002-06-15,158.7,183.32,121.09,167.44,167.44,1249,19800.03
2002-06-16,290.61,322.86,246.55,310.48,310.48,2808,43157.53
2002-06-17,111.38,143.14,94.7,114.3,114.3,2664,39537.75
2002-06-18,494.76,524.57,445.55,479.24,479.24,3063,13199.24
2002-06-19,121.27,123.56,88.0,93.49,93.49,1751,21570.28
2002-06-20,166.94,177.93,155.56,157.57,157.57,3308,42786.9
2002-06-21,231.16,239.84,186.21,194.32,194.32,2268,14290.67
2002-06-22,468.47,482.13,455.05,463.3,463.3,4513,37271.12
2002-06-23,239.84,273.17,204.17,227.24,227.24,2544,12034.79
2002-06-24,257.3,298.69,237.01,255.21,255.21,1888,24723.59
2002-06-25,364.64,380.98,360.67,369.75,369.75,1664,14828.84
2002-06-26,134.59,139.25,117.88,126.69,126.69,3575,39204.25
2002-06-27,444.77,471.92,401.36,462.33,462.33,4315,15855.81
2002-06-28,380.4,421.48,342.24,389.05,389.05,2337,10663.28
2002-06-29,431.67,450.56,387.42,417.18,417.18,3992,20912.13
2002-06-30,288.98,308.17,247.16,248.1,248.1,1159,34860.98
2002-07-01,488.07,492.0,462.36,489.96,489.96,2650,12009.69
2002-07-02,454.84,467.2,445.72,445.81,445.81,4383,19013.86
2002-07-03,101.27,109.73,77.69,108.69,108.69,3240,28956.71
2002-07-04,74.63,106.38,51.79,79.24,79.24,2570,21863.25
2002-07-05,276.91,296.6,267.45,290.34,290.34,1802,17861.71
2002-07-06,106.57,139.45,62.91,80.18,80.18,2486,22693.14
2002-07-07,450.39,494.39,418.99,431.9,431.9,3234,28530.73
2002-07-08,218.69,225.65,200.5,221.64,221.64,3143,20272.97
2002-07-09,234.93,282.62,210.22,257.99,257.99,4215,20986.75
2002-07-10,139.38,179.05,116.99,158.43,158.43,3703,45883.13
2002-07-11,71.15,111.71,49.84,96.56,96.56,1574,12368.14
2002-07-12,385.3,392.29,339.84,358.92,358.92,4744,47805.35
2002-07-13,395.44,440.21,372.4,381.84,381.84,3499,39421.71
2002-07-14,465.08,502.91,420.84,440.22,440.22,3273,22713.36
2002-07-15,144.27,152.69,135.15,151.93,151.93,1841,19401.42
2002-07-16,253.43,286.89,209.67,242.15,242.15,2709,38660.76
2002-07-17,80.8,121.89,36.03,36.93,36.93,4591,10142.76
2002-07-18,273.28,282.48,261.26,269.96,269.96,1325,32349.0
2002-07-19,267.07,278.72,248.13,252.05,252.05,1883,10244.13
2002-07-20,59.39,74.77,17.56,57.81,57.81,3449,45815.42
2002-07-21,196.45,204.82,149.66,159.9,159.9,1671,39969.4
2002-07-22,237.01,264.29,191.57,226.85,226.85,2739,24355.4
2002-07-23,247.85,285.52,220.42,224.12,224.12,1317,29446.67
2002-07-24,355.3,363.43,325.44,356.45,356.45,4752,47910.08
2002-07-25,174.91,181.33,161.89,169.07,169.07,1473,39793.74
2002-07-26,306.43,333.17,290.41,307.43,307.43,1223,45359.23
2002-07-27,242.39,242.71,212.03,237.56,237.56,4881,21231.06
2002-07-28,461.67,494.15,460.67,465.36,465.36,2350,38145.5
2002-07-29,268.56,313.43,240.85,276.66,276.66,3532,35988.39
2002-07-30,80.63,89.27,52.08,55.74,55.74,1035,40874.47
2002-07-31,285.56,327.4,272.01,302.77,302.77,2098,16256.43
2002-08-01,191.06,191.44,184.53,190.0,190.0,2574,41751.52
2002-08-02,385.31,405.35,378.08,395.13,395.13,4864,27159.02
2002-08-03,187.89,202.43,157.25,162.31,162.31,2160,40201.46
2002-08-04,296.07,335.97,252.49,298.46,298.46,2231,22291.43
2002-08-05,185.59,232.43,142.68,200.24,200.24,3408,23520.17
2002-08-06,53.43,84.97,51.71,68.05,68.05,2141,45078.85
2002-08-07,477.54,498.18,467.77,486.34,486.34,1175,25207.42
2002-08-08,323.1,345.55,276.01,343.23,343.23,1527,11951.58
2002-08-09,490.2,517.65,456.94,459.3,459.3,2305,29580.53
2002-08-10,268.3,293.99,243.42,249.59,249.59,1885,24630.62
2002-08-11,404.85,453.28,387.63,391.25,391.25,4507,47736.63
2002-08-12,306.67,334.82,302.39,326.55,326.55,1543,10041.47
2002-08-13,194.69,225.44,188.12,200.42,200.42,3111,19379.17
2002-08-14,152.73,191.78,116.53,154.9,154.9,3842,22660.99
2002-08-15,151.86,162.98,105.48,133.95,133.95,2739,37554.24
2002-08-16,469.2,475.02,428.27,472.96,472.96,1467,32408.04
2002-08-17,299.02,310.71,292.72,304.74,304.74,4170,23540.16
2002-08-18,433.02,466.15,409.57,446.98,446.98,2635,21793.57
2002-08-19,130.7,140.43,109.63,131.18,131.18,3202,48740.4
2002-08-20,102.02,108.77,88.68,91.68,91.68,1918,46051.22
2002-08-21,88.67,117.64,47.57,85.98,85.98,4291,14288.04
2002-08-22,377.58,408.34,371.32,406.09,406.09,1964,12470.7
2002-08-23,269.88,275.55,251.16,269.79,269.79,2485,18133.96
2002-08-24,328.96,346.37,280.24,329.59,329.59,1758,17817.48
2002-08-25,418.89,462.12,384.88,445.66,445.66,2223,34487.16
2002-08-26,459.93,470.0,451.61,451.79,451.79,4271,27312.34
2002-08-27,101.75,128.03,54.62,113.14,113.14,1667,33595.91
2002-08-28,88.37,113.85,58.17,108.21,108.21,1401,36622.02
2002-08-29,449.96,492.38,410.27,445.69,445.69,3792,15067.72
2002-08-30,221.99,254.66,201.43,206.68,206.68,3525,36505.2
2002-08-31,102.44,133.52,61.93,130.58,130.58,4317,36688.78
2002-09-01,374.0,397.79,373.56,384.05,384.05,2229,20959.35
2002-09-02,138.01,162.94,118.96,128.58,128.58,2900,11185.01
2002-09-03,84.38,96.76,79.77,86.51,86.51,1393,24051.1
2002-09-04,227.65,247.73,217.79,233.28,233.28,2190,43092.31
2002-09-05,276.93,310.6,242.36,246.35,246.35,3530,21126.8
2002-09-06,74.17,87.6,50.31,84.4,84.4,3349,43596.08
2002-09-07,366.96,385.46,325.64,330.72,330.72,3005,35866.34
2002-09-08,358.32,406.79,321.77,337.62,337.62,4267,41509.33
2002-09-09,487.22,488.71,481.92,485.89,485.89,3627,42648.52
2002-09-10,185.18,197.87,147.28,163.3,163.3,4905,15497.08
2002-09-11,207.96,241.19,190.58,230.9,230.9,3019,23254.39
2002-09-12,378.22,388.41,334.27,340.43,340.43,1800,48597.75
2002-09-13,152.75,192.4,130.2,149.95,149.95,1347,15744.16
2002-09-14,237.65,270.41,230.98,251.53,251.53,1638,13736.98
2002-09-15,92.89,100.34,82.9,85.03,85.03,2427,14676.66
2002-09-16,223.95,236.81,186.03,205.44,205.44,3800,42931.55
2002-09-17,94.47,98.17,48.71,85.82,85.82,1467,28539.02
2002-09-18,179.03,224.38,158.78,224.0,224.0,3562,12538.27
2002-09-19,484.51,500.78,480.82,499.39,499.39,4331,32698.14
2002-09-20,276.71,288.25,247.94,257.29,257.29,4895,33994.14
2002-09-21,403.67,436.0,363.37,398.75,398.75,4058,44941.46
2002-09-22,128.22,130.3,82.79,113.69,113.69,1963,34146.48
2002-09-23,281.36,319.65,260.65,275.58,275.58,2545,41877.71
2002-09-24,407.72,434.24,362.76,401.4,401.4,4757,47484.8
2002-09-25,439.15,468.04,420.93,443.14,443.14,1773,26617.21
2002-09-26,409.95,436.54,407.3,417.71,417.71,3232,27370.08
